model,mpn,name,description,characteristics,category,image,additional_image,manufacturer,price,quantity,minimum,subtract,stock_status,status,meta_keyword,meta_title,meta_description,seo_keyword,product_url,related_product,bestprice_status,skroutz_status,boxnow
143051,55A6Q,"Hisense 55A6Q – 50'' & άνω Smart Τηλεόραση 55"" 4K UHD LED A6Q HDR 2025","<div class=""etr-desc"">
<h2 style=""text-align:center""><span style=""font-size:36px""><strong>Hisense 55A6Q – 50&#x27;&#x27; &amp; άνω Smart Τηλεόραση 55&quot; 4K UHD LED A6Q HDR 2025</strong></span></h2>

<p style=""margin-left:auto; margin-right:auto; text-align:left""><span style=""font-size:24px"">
Η <strong>Hisense 55A6Q</strong> είναι μια smart τηλεόραση 55 ιντσών με ανάλυση <strong>4K Ultra HD</strong>, Direct LED panel και σύγχρονες δυνατότητες εικόνας και ήχου για ολοκληρωμένη εμπειρία θέασης στο σπίτι. Υποστηρίζει <strong>HDR10, HDR10+, Dolby Vision και HLG</strong>, ώστε το περιεχόμενο να προβάλλεται με περισσότερη λεπτομέρεια και εντυπωσιακότερο αποτέλεσμα, ενώ το λειτουργικό <strong>Vidaa</strong> προσφέρει πρόσβαση σε δημοφιλείς εφαρμογές όπως Netflix, YouTube, Prime Video και Disney+. Με ρυθμό ανανέωσης 50/60 Hz, Wi-Fi, Ethernet, τρεις θύρες HDMI και δύο USB, καλύπτει άνετα τις ανάγκες καθημερινής χρήσης και σύνδεσης με άλλες συσκευές. Παράλληλα, ο συνδυασμός AI 4K Upscaler, τεχνολογιών βελτίωσης κίνησης και gaming λειτουργιών βοηθά ώστε ταινίες, σειρές, αθλητικά και παιχνίδια να αποδίδονται πιο ομαλά και πιο ευχάριστα σε κάθε χρήση, τόσο στην καθημερινή θέαση όσο και στο streaming. Ο ήχος με Dolby Audio και DTS Virtual:X συμπληρώνει την εμπειρία ψυχαγωγίας, ενώ η υποστήριξη για δημοφιλείς υπηρεσίες streaming την καθιστά μια ισορροπημένη επιλογή στην κατηγορία <strong>50'' & άνω</strong>.
</span></p>

<div style=""margin-bottom:20px; margin-left:auto; margin-right:auto; margin-top:20px; text-align:center"">
<a href=""https://www.etranoulis.gr/eikona-hxos/thleoraseis/50-anw"" style=""font-size: 20px; padding: 12px 28px; background-color: #03BABE; color: #F7FCFC; border-radius: 12px; text-decoration: none;"">Δείτε τηλεοράσεις 50&#x27;&#x27; &amp; άνω</a>
</div>

<hr />
<div class=""etr-desc"">

  <!-- SECTION 1 -->
  <div class=""etr-sec"">
    <div class=""etr-text"">
      <h2><span style=""font-size:24px""><strong>Αναβάθμιση περιεχομένου κοντά σε 4K</strong></span></h2>
      <p><span style=""font-size:22px"">Ο AI 4K Upscaler της Hisense βελτιώνει την ευκρίνεια του αγαπημένου σας περιεχομένου, ώστε παλαιότερες ταινίες, κλασικά έργα, σύγχρονες σειρές και streaming προβολές να αποδίδονται πιο καθαρά και πιο εντυπωσιακά στην οθόνη.</span></p>
    </div>
    <div class=""etr-img"">
      <img alt=""Αναβάθμιση περιεχομένου κοντά σε 4K"" src=""https://www.etranoulis.gr/image/catalog/01_bescos/143051/besco1.jpg"" />
    </div>
  </div>

  <!-- SECTION 2 -->
  <div class=""etr-sec rev"">
    <div class=""etr-text"">
      <h2><span style=""font-size:24px""><strong>Πιο ομαλή εικόνα στις γρήγορες σκηνές</strong></span></h2>
      <p><span style=""font-size:22px"">Με τεχνολογίες όπως <strong>MEMC</strong>, 3D Noise Reduction και AI Smooth Motion, η τηλεόραση μειώνει τη θολούρα κίνησης και βοηθά ώστε οι γρήγορες σκηνές από αθλητικά, ταινίες δράσης και καθημερινή θέαση να εμφανίζονται πιο ομαλές.</span></p>
    </div>
    <div class=""etr-img"">
      <img alt=""Πιο ομαλή εικόνα στις γρήγορες σκηνές"" src=""https://www.etranoulis.gr/image/catalog/01_bescos/143051/besco2.jpg"" style=""display:block; margin-left:auto; margin-right:0;"" />
    </div>
  </div>

  <!-- SECTION 3 -->
  <div class=""etr-sec"">
    <div class=""etr-text"">
      <h2><span style=""font-size:24px""><strong>Gaming με πιο άμεση απόκριση</strong></span></h2>
      <p><span style=""font-size:22px"">Το Game Mode Plus και το Game Bar έχουν σχεδιαστεί για πιο άνετη εμπειρία gaming, ενώ οι λειτουργίες VRR και ALLM συμβάλλουν στη μείωση της καθυστέρησης και στην πιο ομαλή προβολή κατά τη διάρκεια του παιχνιδιού.</span></p>
    </div>
    <div class=""etr-img"">
      <img alt=""Gaming με πιο άμεση απόκριση"" src=""https://www.etranoulis.gr/image/catalog/01_bescos/143051/besco3.jpg"" />
    </div>
  </div>

  <!-- SECTION 4 -->
  <div class=""etr-sec rev"">
    <div class=""etr-text"">
      <h2><span style=""font-size:24px""><strong>Πιο κινηματογραφική εμπειρία με Dolby Vision</strong></span></h2>
      <p><span style=""font-size:22px"">Η υποστήριξη <strong>Dolby Vision</strong> ενισχύει την εμπειρία θέασης σε ταινίες και σειρές, προσφέροντας μια πιο καθηλωτική αίσθηση και βοηθώντας το περιεχόμενο να προβάλλεται με πιο πλούσια και εντυπωσιακή εικόνα.</span></p>
    </div>
    <div class=""etr-img"">
      <img alt=""Πιο κινηματογραφική εμπειρία με Dolby Vision"" src=""https://www.etranoulis.gr/image/catalog/01_bescos/143051/besco4.jpg"" style=""display:block; margin-left:auto; margin-right:0;"" />
    </div>
  </div>

  <!-- SECTION 5 -->
  <div class=""etr-sec"">
    <div class=""etr-text"">
      <h2><span style=""font-size:24px""><strong>Καθηλωτικός ήχος για ταινίες και σειρές</strong></span></h2>
      <p><span style=""font-size:22px"">Με <strong>Dolby Audio</strong> και <strong>DTS Virtual:X</strong>, η Hisense 55A6Q προσφέρει καθαρούς διαλόγους, περισσότερη λεπτομέρεια και πιο γεμάτη ηχητική αίσθηση, ώστε η ψυχαγωγία να αποκτά μεγαλύτερη ένταση και ατμόσφαιρα.</span></p>
    </div>
    <div class=""etr-img"">
      <img alt=""Καθηλωτικός ήχος για ταινίες και σειρές"" src=""https://www.etranoulis.gr/image/catalog/01_bescos/143051/besco5.jpg"" />
    </div>
  </div>

  <!-- SECTION 6 -->
  <div class=""etr-sec rev"">
    <div class=""etr-text"">
      <h2><span style=""font-size:24px""><strong>Άνετος χειρισμός με φωνητικές εντολές</strong></span></h2>
      <p><span style=""font-size:22px"">Το Hisense Voice Remote κάνει τον έλεγχο της τηλεόρασης πιο εύκολο, επιτρέποντας γρήγορη αναζήτηση περιεχομένου, ρυθμίσεις έντασης και χρήση φωνητικών εντολών για πιο άμεση και πρακτική καθημερινή χρήση.</span></p>
    </div>
    <div class=""etr-img"">
      <img alt=""Άνετος χειρισμός με φωνητικές εντολές"" src=""https://www.etranoulis.gr/image/catalog/01_bescos/143051/besco6.jpg"" style=""display:block; margin-left:auto; margin-right:0;"" />
    </div>
  </div>

</div>
</div>","<table class=""table table-bordered""><thead><tr><td colspan=""2""><strong>Εικόνα - Ήχος</strong></td></tr></thead><tbody><tr><td>Τεχνολογία Οθόνης</td><td style=""text-align:right;""><strong>LED</strong></td></tr><tr><td>Διαγώνιος Οθόνης ( Ίντσες )</td><td style=""text-align:right;""><strong>55</strong></td></tr><tr><td>Διαγώνιος Οθόνης ( Εκατοστά )</td><td style=""text-align:right;""><strong>139</strong></td></tr><tr><td>Ανάλυση Οθόνης</td><td style=""text-align:right;""><strong>ULTRA HD ( 4K )</strong></td></tr><tr><td>Αριθμός Pixels</td><td style=""text-align:right;""><strong>3840 × 2160</strong></td></tr><tr><td>Λειτουργίες Εικόνας</td><td style=""text-align:right;""><strong>Direct Full Array,4K AI Upscaling,Dolby Vision</strong></td></tr><tr><td>Ρυθμός Ανανέωσης</td><td style=""text-align:right;""><strong>60</strong></td></tr><tr><td>HDR</td><td style=""text-align:right;""><strong>HDR10,HDR10+,Dolby Vision ™HDR,HLG</strong></td></tr><tr><td>Ενεργειακή Κλάση</td><td style=""text-align:right;""><strong>E</strong></td></tr><tr><td>Ενεργειακή Κλάση HDR</td><td style=""text-align:right;""><strong>-</strong></td></tr><tr><td>Κατανάλωση Ενέργειας σε Λειτουργία SDR (kWh/1000h)</td><td style=""text-align:right;""><strong>-</strong></td></tr><tr><td>Κατανάλωση Ενέργειας σε Λειτουργία HDR (kWh/1000h)</td><td style=""text-align:right;""><strong>-</strong></td></tr><tr><td>Δέκτης</td><td style=""text-align:right;""><strong>DVB-T2/C/S2</strong></td></tr><tr><td>Σύστημα Ήχου</td><td style=""text-align:right;""><strong>2.1ch,Dolby Atmos,Dolby Audio,DTS Virtual:X</strong></td></tr><tr><td>Επεξεργαστής</td><td style=""text-align:right;""><strong>-</strong></td></tr></tbody><thead><tr><td colspan=""2""><strong>Λειτουργίες</strong></td></tr></thead><tbody><tr><td>Smart TV</td><td style=""text-align:right;""><strong>Υποστηρίζεται</strong></td></tr><tr><td>Λειτουργικό Σύστημα</td><td style=""text-align:right;""><strong>VIDAA</strong></td></tr><tr><td>Λειτουργίες Smart</td><td style=""text-align:right;""><strong>-</strong></td></tr><tr><td>Επιπλέον Λειτουργίες</td><td style=""text-align:right;""><strong>AnyView Cast,Voice Remote,Gaming Mode,Game Bar</strong></td></tr></tbody><thead><tr><td colspan=""2""><strong>Συνδέσεις</strong></td></tr></thead><tbody><tr><td>HDMI</td><td style=""text-align:right;""><strong>Ναι,3,eARC</strong></td></tr><tr><td>Bluetooth</td><td style=""text-align:right;""><strong>Bluetooth</strong></td></tr><tr><td>USB</td><td style=""text-align:right;""><strong>Ναι,2</strong></td></tr><tr><td>Είσοδοι / Έξοδοι</td><td style=""text-align:right;""><strong>ALLM,VRR,CI+</strong></td></tr></tbody><thead><tr><td colspan=""2""><strong>Γενικά</strong></td></tr></thead><tbody><tr><td>Βασικός Εξοπλισμός</td><td style=""text-align:right;""><strong>-</strong></td></tr><tr><td>Εμφάνιση</td><td style=""text-align:right;""><strong>-</strong></td></tr><tr><td>Διάκενο Βάσης Τοίχου Vesa (mm)</td><td style=""text-align:right;""><strong>200 × 400</strong></td></tr><tr><td>Χρώμα</td><td style=""text-align:right;""><strong>-</strong></td></tr><tr><td>Βάρος Συσκευής σε Κιλά (με Βάση)</td><td style=""text-align:right;""><strong>11</strong></td></tr><tr><td>Χώρα Κατασκευής</td><td style=""text-align:right;""><strong>-</strong></td></tr><tr><td>Εγγύηση Κατασκευαστή</td><td style=""text-align:right;""><strong>2 έτη</strong></td></tr><tr><td>Διαστάσεις Συσκευής σε Εκατοστά με Βάση (Υ x Π x Β)</td><td style=""text-align:right;""><strong>75.10 × 123.40 × 29.80</strong></td></tr></tbody></table>",ΕΙΚΟΝΑ & ΗΧΟΣ:::ΕΙΚΟΝΑ & ΗΧΟΣ///Τηλεοράσεις:::ΕΙΚΟΝΑ & ΗΧΟΣ///Τηλεοράσεις///50'' & άνω,catalog/01_main/143051/143051-1.jpg,catalog/01_main/143051/143051-2.jpg:::catalog/01_main/143051/143051-3.jpg:::catalog/01_main/143051/143051-4.jpg,Hisense,329,0,1,1,Έως 30 ημέρες,0,"Hisense 55A6Q, smart τηλεόραση 55 ιντσών, 4K UHD τηλεόραση, Direct LED τηλεόραση, Dolby Vision τηλεόραση, Vidaa TV","Hisense 55A6Q 50'' & άνω Smart Τηλεόραση 55"" 4K UHD LED A6Q HDR 2025 | eTranoulis","Η Hisense 55A6Q είναι μια smart τηλεόραση 55 ιντσών 4K UHD με Direct LED panel, Dolby Vision, Vidaa και λειτουργίες που βελτιώνουν την εικόνα, την κίνηση και την εμπειρία θέασης και gaming.",hisense-55a6q-50-ano-smart-tileorasi-55-4k-uhd-led-a6q-hdr-2025,https://www.etranoulis.gr/hisense-55a6q-50-ano-smart-tileorasi-55-4k-uhd-led-a6q-hdr-2025,,1,1,0
