model,mpn,name,description,category,image,additional_image,manufacturer,price,quantity,minimum,subtract,stock_status,status,meta_keyword,meta_title,meta_description,seo_keyword,product_url,related_product,date_added,bestprice_status,skroutz_status,boxnow,characteristics
143481,Q65H,TCL Q65H Soundbar 5.1 με Ασύρματο Subwoofer,"<div class=""etr-desc"">
<h2 style=""text-align:center""><span style=""font-size:36px""><strong>TCL Q65H Soundbar 5.1 με Ασύρματο Subwoofer</strong></span></h2>

<p style=""margin-left:auto; margin-right:auto; text-align:left""><span style=""font-size:24px"">Η <strong>TCL Q65H</strong> είναι μια ισχυρή <strong>soundbar</strong> που στοχεύει σε αίσθηση οικιακού κινηματογράφου, χωρίς πολύπλοκες εγκαταστάσεις. Με διάταξη <strong>5.1</strong> και <strong>ασύρματο subwoofer</strong>, γεμίζει τον χώρο με πραγματικό surround, ενώ η επεξεργασία <strong>Dolby Atmos</strong> και <strong>DTS:X</strong> προσθέτει ύψος, βάθος και λεπτομέρεια στις ταινίες και στα παιχνίδια. Η τεχνολογία <strong>RAY·DANZ</strong> διευρύνει τη σκηνή ήχου για πιο “μεγάλη” αίσθηση, και το <strong>AI Sonic-Adaptation</strong> βοηθά στη ρύθμιση ανάλογα με το περιβάλλον ακρόασης. Για σύνδεση με την τηλεόραση υποστηρίζει <strong>HDMI eARC</strong> και <strong>οπτική είσοδο</strong>, ενώ διαθέτει και <strong>HDMI IN</strong> για άμεση σύνδεση συσκευών. Για μουσική και καθημερινή χρήση προσφέρει <strong>Bluetooth 5.3</strong>, <strong>USB</strong> (αναπαραγωγή MP3/WMA/FLAC/WAV) και σύνδεση <strong>Wi‑Fi</strong>. Επιπλέον, δίνει έτοιμα sound modes (Music/Voice/Movie/Sports/Game/Standard) ώστε να επιλέγεις γρήγορα τον σωστό χαρακτήρα ήχου. Με μέγιστη συνολική ισχύ έως <strong>580W</strong> (peak), αποδίδει δυναμική ένταση και γεμάτο μπάσο, ενώ στη συσκευασία περιλαμβάνονται <strong>τηλεχειριστήριο</strong>, καλώδιο HDMI και κιτ επιτοίχιας στήριξης για καθαρό set‑up στο σαλόνι. Το μαύρο φινίρισμα και ο καμπύλος σχεδιασμός της μπάρας δένουν διακριτικά με κάθε σύστημα εικόνας.</span></p>

<div style=""margin-bottom:20px; margin-left:auto; margin-right:auto; margin-top:20px; text-align:center""><a href=""https://www.etranoulis.gr/eikona-hxos/audio-systems/sound-bars"" style=""font-size: 20px; padding: 12px 28px; background-color: #03BABE; color: #F7FCFC; border-radius: 12px; text-decoration: none;"">Δείτε όλες τις Sound Bars εδώ</a></div>

<hr />
<div class=""etr-desc"">
<!-- SECTION 1 -->
<div class=""etr-sec"">
<div class=""etr-text"">
<h2><span style=""font-size:24px""><strong>RAY·DANZ – Ήχος από όλες τις κατευθύνσεις</strong></span></h2>
<p><span style=""font-size:22px"">Η τεχνολογία <strong>TCL RAY·DANZ</strong> ελέγχει τη διάδοση του ήχου και διευρύνει το ηχητικό πεδίο, για πιο κινηματογραφική αίσθηση χωρίς πολλά ηχεία στον χώρο.</span></p>
</div>
<div class=""etr-img""><img alt=""RAY·DANZ – Ήχος από όλες τις κατευθύνσεις"" src=""https://www.etranoulis.gr/image/catalog/01_bescos/143481/besco1.jpg"" /></div>
</div>

<!-- SECTION 2 -->
<div class=""etr-sec rev"">
<div class=""etr-text"">
<h2><span style=""font-size:24px""><strong>Sound Arc Design – Ευρύτερη σκηνή, πιο καθαρός ήχος</strong></span></h2>
<p><span style=""font-size:22px"">Ο καμπύλος σχεδιασμός της μπάρας και το στοχευμένο tweeter, μαζί με δομή ενίσχυσης (60°), βοηθούν στη φυσική διεύρυνση της σκηνής και σε πιο καθαρές υψηλές συχνότητες.</span></p>
</div>
<div class=""etr-img""><img alt=""Sound Arc Design – Ευρύτερη σκηνή, πιο καθαρός ήχος"" style=""display:block; margin-left:auto; margin-right:0;"" src=""https://www.etranoulis.gr/image/catalog/01_bescos/143481/besco2.jpg"" /></div>
</div>

<!-- SECTION 3 -->
<div class=""etr-sec"">
<div class=""etr-text"">
<h2><span style=""font-size:24px""><strong>Soundstage Widening Technology – Πιο “ανοιχτός” ήχος</strong></span></h2>
<p><span style=""font-size:22px"">Συνδυάζει κατευθυντικά ηχεία και αλγορίθμους διεύρυνσης του soundstage, ώστε οι λεπτομέρειες να “απλώνονται” πιο σωστά στο δωμάτιο, με πιο έντονο surround αποτέλεσμα.</span></p>
</div>
<div class=""etr-img""><img alt=""Soundstage Widening Technology – Πιο “ανοιχτός” ήχος"" src=""https://www.etranoulis.gr/image/catalog/01_bescos/143481/besco3.jpg"" /></div>
</div>

<!-- SECTION 4 -->
<div class=""etr-sec rev"">
<div class=""etr-text"">
<h2><span style=""font-size:24px""><strong>5.1 Physical Surround – Πραγματικό surround στο σαλόνι</strong></span></h2>
<p><span style=""font-size:22px"">Με <strong>5 κύρια κανάλια</strong> και <strong>1 ασύρματο subwoofer</strong> αποδίδει 3D εμπειρία, με συνολική μέγιστη ισχύ έως <strong>580W</strong> (peak) για δυναμικές σκηνές και γεμάτη ένταση.</span></p>
</div>
<div class=""etr-img""><img alt=""5.1 Physical Surround – Πραγματικό surround στο σαλόνι"" style=""display:block; margin-left:auto; margin-right:0;"" src=""https://www.etranoulis.gr/image/catalog/01_bescos/143481/besco4.jpg"" /></div>
</div>

<!-- SECTION 5 -->
<div class=""etr-sec"">
<div class=""etr-text"">
<h2><span style=""font-size:24px""><strong>Ασύρματο subwoofer – Βαθύ μπάσο</strong></span></h2>
<p><span style=""font-size:22px"">Το ανεξάρτητο ασύρματο subwoofer προσφέρει έντονο μπάσο, με αναφερόμενη κορυφιαία ισχύ <strong>150W</strong> (peak) και χαμηλή επέκταση έως <strong>45Hz</strong> (σύμφωνα με στοιχεία του κατασκευαστή).</span></p>
</div>
<div class=""etr-img""><img alt=""Ασύρματο subwoofer – Βαθύ μπάσο"" src=""https://www.etranoulis.gr/image/catalog/01_bescos/143481/besco5.jpg"" /></div>
</div>

<!-- SECTION 6 -->
<div class=""etr-sec rev"">
<div class=""etr-text"">
<h2><span style=""font-size:24px""><strong>AI Sonic-Adaptation – Προσαρμογή στον χώρο</strong></span></h2>
<p><span style=""font-size:22px"">Η λειτουργία <strong>AI Sonic-Adaptation</strong> βοηθά στη ρύθμιση της απόκρισης ανάλογα με το περιβάλλον ακρόασης, ώστε να βρίσκεις εύκολα το “sweet spot” σου μέσω της εφαρμογής TCL Home.</span></p>
</div>
<div class=""etr-img""><img alt=""AI Sonic-Adaptation – Προσαρμογή στον χώρο"" style=""display:block; margin-left:auto; margin-right:0;"" src=""https://www.etranoulis.gr/image/catalog/01_bescos/143481/besco6.jpg"" /></div>
</div>

<!-- SECTION 7 -->
<div class=""etr-sec"">
<div class=""etr-text"">
<h2><span style=""font-size:24px""><strong>Dolby Atmos & DTS:X – Περισσότερο βάθος και ρεαλισμός</strong></span></h2>
<p><span style=""font-size:22px"">Τα <strong>Dolby Atmos</strong> και <strong>DTS:X</strong> προσθέτουν αίσθηση ύψους και καλύτερο διαχωρισμό, ώστε οι διάλογοι και τα εφέ να ακούγονται πιο “τρισδιάστατα”.</span></p>
</div>
<div class=""etr-img""><img alt=""Dolby Atmos & DTS:X – Περισσότερο βάθος και ρεαλισμός"" src=""https://www.etranoulis.gr/image/catalog/01_bescos/143481/besco7.jpg"" /></div>
</div>

<!-- SECTION 8 -->
<div class=""etr-sec rev"">
<div class=""etr-text"">
<h2><span style=""font-size:24px""><strong>Specialized Sound Modes – Ήχος ανάλογα με το περιεχόμενο</strong></span></h2>
<p><span style=""font-size:22px"">Διαθέτει προεπιλογές EQ όπως <strong>Music / Voice / Movie / Sports / Game / Standard</strong> για να προσαρμόζεις γρήγορα τον χαρακτήρα του ήχου στο περιεχόμενο που βλέπεις ή ακούς.</span></p>
</div>
<div class=""etr-img""><img alt=""Specialized Sound Modes – Ήχος ανάλογα με το περιεχόμενο"" style=""display:block; margin-left:auto; margin-right:0;"" src=""https://www.etranoulis.gr/image/catalog/01_bescos/143481/besco8.jpg"" /></div>
</div>

<!-- SECTION 9 -->
<div class=""etr-sec"">
<div class=""etr-text"">
<h2><span style=""font-size:24px""><strong>Επαγγελματική συνδεσιμότητα – HDMI eARC & περισσότερα</strong></span></h2>
<p><span style=""font-size:22px"">Υποστηρίζει <strong>HDMI eARC</strong> και <strong>HDMI IN</strong>, οπτική είσοδο και passthrough 4K/Dolby Vision, για εύκολη ενσωμάτωση με TV και πηγές, με χαμηλή καθυστέρηση και συμβατότητα όπου υποστηρίζεται.</span></p>
</div>
<div class=""etr-img""><img alt=""Επαγγελματική συνδεσιμότητα – HDMI eARC & περισσότερα"" src=""https://www.etranoulis.gr/image/catalog/01_bescos/143481/besco9.jpg"" /></div>
</div>

</div>
</div>",ΕΙΚΟΝΑ & ΗΧΟΣ:::ΕΙΚΟΝΑ & ΗΧΟΣ///Audio Systems:::ΕΙΚΟΝΑ & ΗΧΟΣ///Audio Systems///Sound Bars,143481-1,143481-2:::143481-3:::143481-4:::143481-5:::143481-6:::143481-7:::143481-8,TCL,269,0,1,1,Έως 30 ημέρες,0,"TCL Q65H, soundbar, ηχομπάρα, 5.1, Dolby Atmos, DTS:X, ασύρματο subwoofer, 580W, HDMI eARC, Bluetooth 5.3, Wi-Fi",TCL Q65H Soundbar 5.1 580W Dolby Atmos/DTS:X | eTranoulis,"Η TCL Q65H προσφέρει 5.1 surround με ασύρματο subwoofer, Dolby Atmos/DTS:X και HDMI eARC για καθηλωτικό ήχο στο σπίτι.",tcl-q65h-soundbar-5-1-dolby-atmos-dts-x-580w,https://www.etranoulis.gr/tcl-q65h-soundbar-5-1-dolby-atmos-dts-x-580w,,,1,1,0,"<table class=""table table-bordered"">
<thead><tr><td colspan=""2""><strong>Τεχνικά Χαρακτηριστικά</strong></td></tr></thead>
<tbody>
<tr><td>Σύστημα Ήχου</td><td style=""text-align:right;""><strong>5.1 ch</strong></td></tr>
<tr><td>Συνολική Ισχύς Ηχείων(Watt)</td><td style=""text-align:right;""><strong>580 (Peak)</strong></td></tr>
<tr><td>Ισχύς Subwoofer(Watt)</td><td style=""text-align:right;""><strong>150 (Peak)</strong></td></tr>
<tr><td>Wi - Fi</td><td style=""text-align:right;""><strong>Ναι</strong></td></tr>
<tr><td>Αναπαραγωγή Αρχείων Ήχου</td><td style=""text-align:right;""><strong>MP3, WMA, FLAC, WAV</strong></td></tr>
<tr><td>Συμβατό με iPod/iPhone</td><td style=""text-align:right;""><strong>-</strong></td></tr>
<tr><td>Ασύρματη Αναπαραγωγή</td><td style=""text-align:right;""><strong>WiFi, Bluetooth 5.3</strong></td></tr>
</tbody>
<thead><tr><td colspan=""2""><strong>Συνδέσεις</strong></td></tr></thead>
<tbody>
<tr><td>Ethernet</td><td style=""text-align:right;""><strong>-</strong></td></tr>
<tr><td>HDMI</td><td style=""text-align:right;""><strong>Ναι</strong></td></tr>
<tr><td>USB 2.0</td><td style=""text-align:right;""><strong>Ναι</strong></td></tr>
<tr><td>Component</td><td style=""text-align:right;""><strong>-</strong></td></tr>
<tr><td>Composite</td><td style=""text-align:right;""><strong>-</strong></td></tr>
<tr><td>Coaxial</td><td style=""text-align:right;""><strong>-</strong></td></tr>
<tr><td>Οπτική Ίνα</td><td style=""text-align:right;""><strong>Διαθέτει</strong></td></tr>
</tbody>
<thead><tr><td colspan=""2""><strong>Γενικά</strong></td></tr></thead>
<tbody>
<tr><td>Βασικός Εξοπλισμός</td><td style=""text-align:right;""><strong>Τηλεχειριστήριο, 2 × AAA μπαταρίες, Καλώδιο HDMI, Κιτ επιτοίχιας στήριξης, Καλώδια τροφοδοσίας (Soundbar/Subwoofer), Οδηγός γρήγορης εκκίνησης, Πληροφορίες εγγύησης</strong></td></tr>
<tr><td>Χρώμα</td><td style=""text-align:right;""><strong>Μαύρο</strong></td></tr>
<tr><td>Εγγύηση Κατασκευαστή</td><td style=""text-align:right;""><strong>-</strong></td></tr>
<tr><td>Χώρα Κατασκευής</td><td style=""text-align:right;""><strong>-</strong></td></tr>
<tr><td>Βάρος Συσκευής σε Κιλά</td><td style=""text-align:right;""><strong>Soundbar: 4,22 / Subwoofer: 5,99</strong></td></tr>
</tbody>
</table>"
